<?xml version="1.0" encoding="UTF-8"?>
<site>
   <feature url="features/de.dailab.vsdt.rsd.feature_1.0.2.jar" id="de.dailab.vsdt.rsd.feature" version="1.0.2">
      <category name="VSDT Editor"/>
   </feature>
   <feature url="features/de.dailab.vsdt.feature_1.1.2.jar" id="de.dailab.vsdt.feature" version="1.1.2">
      <category name="VSDT Editor"/>
   </feature>
   <feature url="features/de.dailab.vsdt.trafo.bpel.feature_1.1.2.jar" id="de.dailab.vsdt.trafo.bpel.feature" version="1.1.2">
      <category name="VSDT Transformation"/>
   </feature>
   <feature url="features/de.dailab.vsdt.trafo.feature_1.1.2.jar" id="de.dailab.vsdt.trafo.feature" version="1.1.2">
      <category name="VSDT Transformation"/>
   </feature>
   <feature url="features/de.dailab.vsdt.trafo.jiaciv.feature_0.1.2.jar" id="de.dailab.vsdt.trafo.jiaciv.feature" version="0.1.2">
      <category name="VSDT Transformation"/>
   </feature>
   <feature url="features/de.dailab.vsdt.trafo.jiactng.feature_0.2.2.jar" id="de.dailab.vsdt.trafo.jiactng.feature" version="0.2.2">
      <category name="VSDT Transformation"/>
   </feature>
   <feature url="features/de.dailab.vsdt.trafo.stp.feature_0.1.2.jar" id="de.dailab.vsdt.trafo.stp.feature" version="0.1.2">
      <category name="VSDT Transformation"/>
   </feature>
   <category-def name="VSDT Editor" label="VSDT Editor">
      <description>
         Visual Service Design Tool -- BPMN Editor
      </description>
   </category-def>
   <category-def name="VSDT Transformation" label="VSDT Transformation">
      <description>
         Core Features enabling the actual export Features for the Visual Service Design Tool
      </description>
   </category-def>
</site>
